文章名称,评论数,阅览数,发布日期,正面字,负面字
 【巴比特】论坛版规：新人请看！- 2018.11.30更新,1716,338816,  2015-3-31 12:00:35,0,0
 【巴比特直播间】区块链上的领英，HR的福音，学历造假 ...,0,83,  2018-12-16 00:20:04,0,0
 【已开奖】巴比特直播间一周年，回帖抽奖公布！,38,682,  2018-12-12 13:01:05,1,1
 “鉴识2019”区块链价值榜发布暨《区块链十年》新书发 ...,10,810,  2019-1-04 14:00:00,2,0
 李氏财经：如何成为一个优秀的交易者？,0,2,  2018-12-16 16:31:36,6,7
 有想去伊朗，中亚五国挖矿的朋友吗，电费极低。,5,135,  2018-12-16 12:20:51,0,1
 关于“烤猫”,9,214,  2018-12-16 14:49:00,0,0
 超哥区块链定投日记050:如何把定投这件事坚持下去,38,1002,  2018-11-17 22:57:20,60,15
 稍反弹，抄底的声音就多了，感觉很可笑。,1,104,  2018-12-16 14:06:08,2,2
 巴比特APP太垃圾了,8,71,  2018-12-16 13:38:52,0,0
 预言大神再出言论：比特币价格在4000美元以下至少会持 ...,3,227,  2018-12-16 08:01:54,0,1
 比特币会到200美金左右，以太坊会到20人民币左右，大 ...,3,87,  2018-12-16 15:51:56,1,0
 去伊朗挖矿划算吗？,18,231,  2018-12-14 15:15:02,5,3
 谁将领跑,9,153,  2018-12-16 14:57:38,3,0
 怎么不跌了,0,20,  2018-12-16 16:23:34,0,0
 反弹就无脑开空 20倍。。。,5,100,  2018-12-16 15:31:25,0,0
 bchabc会走向何处,3,95,  2018-12-16 12:45:52,1,0
 合约操作帖（不爆完就带图更新）,3,82,  2018-12-16 13:59:00,2,3
 为什么有人会认为跌到底了？,5,213,  2018-12-16 13:24:51,0,10
 反弹只是暂时的 抓紧跑  下周继续新低,1,94,  2018-12-16 15:55:59,0,0
 船长定投全总结（十万变五百万）,240,50474,  2017-12-17 09:56:47,5,0
 1111111111111111111,1,34,  2018-12-16 15:38:14,0,0
 有南京的币友吗？一起商量商量发财的路子。,16,237,  2018-12-16 00:05:40,2,0
 爱辣条爱莱特,3,151,  2018-12-16 12:09:29,0,0
 Bsv反抽下结束了。。。千万别上套。。,0,33,  2018-12-16 15:55:35,0,0
 四川成都的朋友有吗.四川的川军.在哪！,12,173,  2018-12-15 23:42:59,3,4
 哎呀，作对了方向就是没管住手，白白的16刀没赚到手,0,42,  2018-12-16 15:53:05,0,2
 币圈-武汉地区的伙伴们——集结啦啦啦！,0,31,  2018-12-16 15:37:39,2,0
 朋友还好吗？,0,34,  2018-12-16 15:31:31,0,2
 前天3280被套，刚刚涨到3280赶紧跑路,9,239,  2018-12-16 11:29:37,1,1
 请问一下，合约交易，,10,118,  2018-12-15 13:41:51,4,3
 若无闲事挂心头,0,33,  2018-12-16 15:25:47,1,0
 再说“脑力挖矿”,8,232,  2018-12-15 09:51:25,0,0
 求大神鉴别，瑞银UBS数字货币银行靠谱不？,9,79,  2018-12-15 21:39:47,0,0
 认知未来的两个模型：信任经济曲线与自主分布网格组织,0,27,  2018-12-16 15:10:33,7,0
 讲道理牛市不回来了,2,213,  2018-12-16 13:04:32,1,1
 预测一下，这次的底在2300刀~2800刀之间。,17,427,  2018-12-15 13:20:02,4,6
 就我一个人在抄BSV吗？其他都是陪我玩的机器吧！,8,195,  2018-12-16 12:49:03,8,8
 BTM真抗跌啊 ，虽然扶不起的阿斗，但太耐跌了，买买买 ...,8,248,  2018-12-14 17:34:25,3,0
 比特币如果这么走 ，突破买入就可以了。,0,127,  2018-12-16 14:41:55,0,0
 币波作手真的不想看到太多的人被割韭菜,7,164,  2018-12-16 12:26:42,6,9
 【必看】建立自己的投资体系，12月16日行情分析,0,38,  2018-12-16 14:23:50,4,4
 Qbao Network 一周项目进展（12.4 - 12.10）,0,32,  2018-12-11 17:25:37,0,0
 要跌就赶紧跌。,0,67,  2018-12-11 17:24:49,0,0
 做多做空都是死,14,502,  2018-12-06 09:35:35,13,13
 2020年比特币多少一枚,57,4092,  2018-9-04 11:04:45,0,1
 比特币大跌--黎明前的黑暗？,4,190,  2018-12-11 16:36:56,8,7
 抄底的有多少，请告诉我,0,76,  2018-12-11 17:19:31,0,0
 实时说币：感谢现在成功的自己，感谢当年努力的自己,0,113,  2018-12-11 17:18:41,5,2
 ok合约，卡住了,26,271,  2018-12-11 16:28:14,4,0
 管理在吗？？？,3,58,  2018-12-11 17:11:02,1,0
 奥本葱的胜利？OKEx给BCHSV转正,1,214,  2018-12-11 16:49:51,1,0
 收集币圈故事，让大家少走弯路,11,282,  2018-12-10 18:25:50,3,0
 比特币一年跌掉8成 三大矿机巨头上市堪忧,0,68,  2018-12-11 17:10:04,1,1
 QBT 即将登陆CoinMex 交易所!,0,47,  2018-12-11 17:09:48,0,0
 今天友情分享下如何预防定点爆仓，玩合约的朋友注意啦,2,66,  2018-12-11 17:06:06,0,0
 比特币量化交易超级联赛前线,0,54,  2018-12-11 17:08:25,0,0
 ETH到底能不能买啊！,6,302,  2018-12-10 17:47:41,1,3
 牛市已经来了，我也发个誓跌破6000我吃x,149,6223,  2018-11-14 11:16:02,8,5
 假如BTC迎来下一轮牛市，疯牛！BTC价格会涨到多少？,9,234,  2018-12-11 16:12:14,6,1
 实时说币：感谢现在成功的自己，感谢当年努力的自己,0,103,  2018-12-11 17:02:26,5,2
 目前EOS主网上线仅仅183天，基于EOS系统发行的代币共 ...,13,384,  2018-12-11 10:55:33,2,1
 好害怕又要跌,1,128,  2018-12-11 15:03:19,0,0
 百晓生说：持仓的耐心持有，用心去聆听市场！,0,133,  2018-12-11 16:52:08,0,0
 炒币负债60万，无奈卖房抵债,26,1543,  2018-12-05 18:27:12,2,6
 能不能救救我 请问哪里有戒炒币机构的……,11,167,  2018-12-11 16:15:21,1,1
 莱特币有可能会到20000元以上,13,334,  2018-12-11 14:37:24,5,3
 宁静致远：如何降低比特币合约交易的风险,0,87,  2018-12-11 16:38:28,0,0
 今天ABC卡了一天，有谁帮忙分析一下,0,88,  2018-12-11 16:38:01,1,0
 哪里有便宜的点卡,0,74,  2018-12-11 16:37:52,0,0
 三阳开泰：12.11比特币行情分析 均线死叉渐成 空头即 ...,0,108,  2018-12-11 16:36:36,1,3
 币价还会再跌？跌的都关机了，那么问题来了，，，，,10,195,  2018-12-11 15:52:00,8,4
 Qbao Network冬日献礼第二波： 幸运大转盘,0,7,  2018-12-11 16:32:56,0,0
 江湖都是利益,0,64,  2018-12-11 16:32:44,0,1
 无论黑庄白庄都是要吃饭的,0,74,  2018-12-11 16:31:46,1,0
 李氏财经：熊市做量化，牛市做市值。,0,105,  2018-12-11 16:25:40,7,14
 币圈没有底,5,164,  2018-12-11 12:50:03,0,2
 还是老话长谈,9,163,  2018-12-11 14:29:29,13,3
 奥本聪说到1000以下！,0,145,  2018-12-07 11:16:33,0,0
 币圈亡了！！！,2,436,  2018-11-19 15:12:07,2,0
 12.07数字货币早间行情：,2,151,  2018-12-07 09:31:08,0,0
 多头没钱了，投降了,1,149,  2018-12-07 11:13:57,0,0
 抄底的、定投的，将会变成抛盘的！,7,427,  2018-12-07 08:52:46,1,1
 逢高做空、逢低做多,2,164,  2018-12-06 19:21:28,1,0
 现在抄底再跌90%不是梦,1,117,  2018-12-07 11:09:37,0,3
 无肌汉倒了才有新机会？,4,148,  2018-12-07 10:08:46,0,0
 哈哈哈哈哈哈哈哈哈哈哈,0,109,  2018-12-07 11:07:43,0,0
 今日双底破没成,0,91,  2018-12-07 11:07:11,0,1
 BM：宇宙币，要吗？,1,130,  2018-12-07 11:05:37,0,0
 中国区块链，能否避免“错失先机”悲痛,0,91,  2018-12-07 11:06:37,2,0
 Wafcoin，交易挖矿模式的破冰者！,0,47,  2018-12-07 11:03:05,2,2
 贪婪，恶梦，恐惧,1,118,  2018-12-07 10:43:08,0,0
 矿机之王看天吃饭，上半年盈利9.5亿美金的比特大陆， ...,3,260,  2018-12-07 10:25:06,4,18
 币圈淘金:BCH硬分叉引发比特币行情继续下跌,0,123,  2018-12-07 10:58:20,5,3
 比特币完了？也许会死,2,148,  2018-12-07 10:37:55,0,1
 舞池里的跟着节奏，那么多双眼睛看着你呢,0,49,  2018-12-07 10:39:41,1,6
 早就说过，参照莱特币27元的牛市起点！,2,155,  2018-12-07 10:33:47,1,0
 当时第一的项目是什么，现在怎么样了,0,76,  2018-12-07 10:32:22,0,1
 有类似火币HT平台币的，赶紧抛，听我皮皮虾的,10,423,  2018-12-07 03:06:11,5,5
 归零是不可能归零的,0,91,  2018-12-07 10:26:54,0,0
 这个中心化钱包会理财丨HelloMedia 钱包测评,1,100,  2018-12-07 09:24:39,2,0
 新手准备入坑，选了几个币，请大佬指点下,74,10131,  2018-8-07 22:12:53,2,5
 一起做空吧,0,64,  2018-12-07 10:19:58,0,0
 空仓表示很爽,2,189,  2018-12-07 09:31:30,0,2
 btc一千一个 bsv一千一个,0,103,  2018-12-07 10:16:39,0,0
 还能不能多？？？,0,67,  2018-12-07 10:14:23,0,0
 挣点零花钱,1,109,  2018-12-07 09:45:54,0,0
 清仓sv了 全仓eos了 原因就是eos,10,659,  2018-12-07 03:56:02,2,4
 留给90后的时间仅剩29天,6,410,  2018-12-02 19:23:38,12,2
 猜一个：Nour是NO-OUR？,4,212,  2018-12-03 11:39:54,1,0
 又在横盘中，，，，，，,2,125,  2018-12-03 12:31:06,2,0
 喜欢短线的老铁们进来吹吹,4,122,  2018-12-03 12:30:19,0,0
 币圈乾坤：币市行情还远没有反转，只是超跌后的反弹修 ...,2,128,  2018-12-03 11:29:43,7,20
 CROS | 数字化的本质,2,94,  2018-12-03 12:32:18,1,1
 狂人在唱多，大家应该知道该怎么做了吧。,7,407,  2018-12-02 20:02:09,2,4
 股市大涨,1,131,  2018-12-03 12:30:23,2,0
 今年获利10倍+的老铁进来冒个泡啊,2,127,  2018-12-03 12:25:35,0,2
 熊到底了吗？,3,119,  2018-12-03 10:22:36,0,2
 大家谈谈投资理念啊,0,82,  2018-12-03 12:23:13,1,1
 到底还会不会再有牛市,7,196,  2018-12-03 11:21:06,9,2
 去看了下bitcointalk，国外还是挺看好BTC的嘛！！！,4,265,  2018-12-03 10:31:55,1,0
 币圈博士：颈线冲击失败 下行结构渐成 比特币报价将重 ...,1,116,  2018-12-03 11:37:34,0,1
 12月 4000见！,3,274,  2018-11-17 11:48:20,0,0
 比特币只有跌到2000美金才有可能迎来一波大牛,10,306,  2018-11-14 11:18:53,19,21
 币圈谁能“暴富”？,5,215,  2018-11-27 09:49:08,4,5
 交易所不下架山寨币，山寨币永远不会归0,3,111,  2018-12-03 11:33:57,1,0
 【BCH分叉恩仇录】第四回：眼镜蛇总搅事，杰克廖爱碰 ...,2,81,  2018-12-02 19:44:10,9,0
 蚂蚁矿机迭代过快，矿工之殇,0,94,  2018-12-03 12:06:51,0,0
 GDT,0,71,  2018-12-03 12:06:05,0,0
 最近挺多人想自己开矿场，但是电力资源、选址、技术又 ...,0,84,  2018-12-03 12:05:39,0,0
 发个娱乐贴。,3,115,  2018-12-03 10:25:52,1,2
 IoT Chain 测试网络测评,0,81,  2018-12-03 11:57:47,2,0
 交易所名字，请知道的人告知,6,242,  2018-11-19 14:00:06,0,0
 区块链给人类社会带来什么好处？,1,87,  2018-12-03 10:18:38,1,0
 从ATO聊到STO,0,59,  2018-12-03 11:49:12,10,0
 中美和解。貌似币圈没有任何反应啊。甚至还想跌。,1,173,  2018-12-03 09:47:28,3,0
 告诉你为什么每天都有人在预测会暴涨暴跌,3,215,  2018-12-03 08:05:52,0,2
 冷风视角：操作性机会不多 还需耐心等待2018.12.3,0,58,  2018-12-03 11:28:48,3,3
 熊市炒币一买就被套，靠炒币赚钱太难！,0,63,  2018-12-03 11:28:46,0,1
 阿尔法：搬砖套利预计收益2.6万USDT，熊市赚币之网格 ...,0,104,  2018-12-03 11:21:10,13,11
 哎，25号银行卡第一次被冻结，到现在还没解冻,21,3124,  2018-8-03 15:32:04,1,0
 吴忌寒会不会跑路,5,485,  2018-11-25 12:03:14,0,2
 反弹了没？？,1,110,  2018-11-28 06:52:48,0,0
 从宠儿到弃儿，比特币成为机构投资者最大滑铁卢。,0,152,  2018-11-28 05:33:18,8,23
 大空头之爆仓,17,533,  2018-11-27 22:53:11,7,2
 dapp排行榜,1,144,  2018-11-28 04:06:28,0,0
 敢问底在何方？,67,1871,  2018-11-27 23:47:58,5,4
 证券时报：比特币急跌暴露虚拟币炒作庞氏骗局本质。,0,26,  2018-11-28 02:55:03,0,2
 bsv进行重放保护，算力战已结束。,0,209,  2018-11-28 02:43:26,0,0
 BTC跌到19875的一半时，有人以为抄了个大底！,4,330,  2018-11-27 19:56:05,0,2
 冲啊，为庄家割韭菜而奋斗,0,116,  2018-11-28 02:04:47,0,0
 哥抄的不是底，而是半山腰,0,138,  2018-11-28 02:00:44,0,0
 nas疑似跑路，官方群全部解散了。。。,45,1989,  2018-11-25 13:51:35,2,0
 usdt看着,9,273,  2018-11-27 23:17:58,3,2
 区块链和虚拟币，本世纪人类科技史上的最大骗局,15,458,  2018-11-27 13:31:54,14,0
 夜已深。却让币圈无眠！,3,160,  2018-11-28 00:26:38,0,2
 最近做空赚了不少吧！有进来交流一下吗？,0,102,  2018-11-28 00:25:39,0,2
 比特币牛熊转换的核心逻辑，被我们找到了！,28,553,  2018-11-20 10:06:35,16,18
 十个亿够花多久？,1,261,  2018-11-27 23:28:45,27,2
 比特币被寄托了哪些理想？,10,153,  2018-11-27 23:37:04,0,0
 嗜血的资本。,7,325,  2018-11-27 16:37:16,13,2
 比特币还会跌吗？是不是可以继续撸空？,5,226,  2018-11-27 20:20:49,1,5
 这样抄底才能稳赚不赔....,7,344,  2018-11-27 15:18:34,1,0
 熊市只能喝汤了,0,136,  2018-11-27 23:37:45,1,1
 请问还有没有像2010年比特币那样的投资机会了？,27,379,  2018-11-20 10:34:20,1,5
 区块链深思 | 普通人下一次发财的机会在哪？,0,188,  2018-11-27 23:27:57,6,1
 当btc跌到$1500的时候，抄哪个币最好？,18,399,  2018-11-27 22:25:18,14,7
 还是BM这一手操作最骚包,4,237,  2018-11-27 23:11:35,4,0
 比特币跌了这么多，我是不是该卖出了？,0,186,  2018-11-27 23:21:48,4,8
 明年投资什么最赚钱？,0,158,  2018-11-27 23:20:53,12,10
 我这空单开得有点慌,0,124,  2018-11-27 23:18:01,0,0
 全球玩数字货币的人大概有多少？5000万有么？太小众了,23,370,  2018-11-27 20:36:10,2,2
 iPhone用户可能会丢失私钥的风险,0,113,  2018-11-27 22:44:46,0,0
 不跌了吗狗庄？,12,170,  2018-11-24 07:20:49,3,2
 每日一贴 何时到底啊,0,71,  2018-11-24 07:39:36,0,0
 反弹到5000然后迎来超级瀑布,3,186,  2018-11-24 06:47:36,3,0
 比特币的熊市持续至少半年，触底筑底横盘震荡至少3个 ...,78,5482,  2018-6-23 20:59:33,9,11
 叫嚣了这么多天的4000呢,2,132,  2018-11-24 07:26:56,0,0
 Wright声称对此次比特币事故负责，称这是一次抛售,0,142,  2018-11-24 07:24:16,0,0
 Wright声称对此次比特币暴跌负责，称这是一次抛售,2,163,  2018-11-24 07:09:42,0,0
 论坛就是币友们聊天，扯淡的地方。,2,144,  2018-11-23 22:31:35,0,0
 新浪等媒体屏蔽比特币等字眼，是想在舆论是切断资金流 ...,18,271,  2018-11-24 06:06:04,1,0
 建议把分叉币全部下架交易所,0,104,  2018-11-24 06:48:46,0,0
 yca2220206 他妈死了 大家砸吧 让他开空买口棺材,2,257,  2018-11-23 21:45:38,0,0
 天气越来越冷，心也越来越寒，比特币的底在哪里？,6,240,  2018-11-24 00:42:05,0,1
 从洒脱喜的文章讯息，我来预言,1,142,  2018-11-24 06:09:53,0,3
 李笑来那个去年到期的比特币基金今年给兑现了没？,8,553,  2018-11-23 00:15:11,2,7
 第322次！比特币又被宣告“死亡”,6,559,  2018-11-23 17:46:00,0,7
 无知无为即大道,6,190,  2018-11-24 01:08:06,18,7
 进币圈25天，本钱亏了一半！,9,407,  2018-11-23 22:32:22,0,2
 刚刚看了那篇斯诺登谈比特币的文章,10,470,  2018-11-23 23:01:23,1,0
 火币怎么上不去了,0,255,  2018-11-24 02:45:02,0,0
 破3000我直播吃翔,4,201,  2018-11-24 01:16:01,0,1
 等马斯克放卫星了，比特币也要放卫星了。,0,165,  2018-11-24 02:27:14,0,0
 有信仰却事与愿违时，灌输你信仰的人是坏蛋,2,177,  2018-11-24 00:34:22,1,0
 熊市币圈普跌，抄底真的没到时候,0,169,  2018-11-24 01:32:31,8,6
 币圈凉了，只剩下一成活跃用户和一群骗子,2,374,  2018-11-24 00:55:31,15,5
 感觉最近要回暖了,7,296,  2018-11-24 00:09:43,1,1
 以太坊传销平台这次要跌回二百了。,8,1844,  2018-3-30 12:54:55,3,2
 熊久必牛啊,8,285,  2018-11-23 23:05:36,4,6
 澳本聪砸比特币的目的,6,317,  2018-11-24 00:29:56,1,2
 《割韭菜》一首，供大家欣赏,1,158,  2018-11-24 00:35:52,2,1
 定投继续ing,1,138,  2018-11-24 00:37:14,0,0
 比特币出块会越来越快吗？,7,334,  2018-11-23 19:57:52,0,1
 11月24号，btc破4000，直达3666大底。,0,23,  2018-11-24 00:09:38,1,0
 没有黄金，哪来CP∪？,3,294,  2018-11-23 22:51:25,3,2
 比特币会不会被联合国（几个国家联合起来控制）控制涨 ...,4,227,  2018-11-23 21:07:17,1,0
 打生打死不如做点实际的,7,528,  2018-11-22 22:50:56,3,0
 比特币最大的意义,0,291,  2018-11-23 23:33:09,0,0
 BTC终于到了很多人议论的4500了,8,448,  2018-11-20 16:17:30,0,0
 为什么USDT都不稳定了？,4,230,  2018-11-20 16:37:12,0,0
" 2018,11.20 打脸之后，依旧是死空头！！注意止盈止损",0,149,  2018-11-20 16:43:04,0,1
 4800快抄底吧,14,406,  2018-11-20 13:56:03,0,1
 今天跳楼的有点多,2,316,  2018-11-20 15:58:55,0,0
 如果不暴跌怎么跟得上牛市,6,238,  2018-11-20 16:31:56,2,6
 身价多少才是财富自由？,10,261,  2018-11-20 15:11:16,1,1
 小白思维的难反弹,0,122,  2018-11-20 16:32:57,0,3
 你们赶紧割肉吧，不割肉还得跌啊。,1,149,  2018-11-20 16:15:06,1,0
 哪个稳定币相对安全点？,20,260,  2018-11-20 15:37:02,1,5
 众筹去揍打乌鸡碗，我这个想法可以不？,0,70,  2018-11-20 16:29:30,0,0
 各位大佬我问下现在不特比价格大概在什么区间？,2,106,  2018-11-20 15:39:12,0,0
 做空止盈 反弹在即,3,342,  2018-11-20 13:44:43,1,1
 火币bsv一直没到账，发工单也不回，有人知道总部地址 ...,2,104,  2018-11-20 10:43:07,0,1
 okuxe客户无家可归！,0,131,  2018-11-20 16:24:29,1,3
 你以为我入局区块链就是为了挣那几个臭钱吗？,0,122,  2018-11-20 16:23:56,1,1
 火币终于开通合约了，菜地已经圈好，韭菜们准备入场吧 ...,14,837,  2018-11-16 22:24:16,4,1
 狗儿狗儿三天之内给主人涨一波,0,88,  2018-11-20 16:21:32,1,0
 比特币下跌是因为BCH分叉？,0,144,  2018-11-20 16:20:45,1,0
 估计短期会有报复性反弹,0,110,  2018-11-20 16:20:34,1,0
 XRP终于跨了短时间跌了17%,1,184,  2018-11-20 16:15:59,0,2
 4500能不能撑得住,0,131,  2018-11-20 16:13:45,0,0
 btc破5呢，离4还远吗？,4,201,  2018-11-20 15:13:27,0,0
 各路小便又开始发挥了。,1,95,  2018-11-20 15:58:31,1,0
 暴跌之后又暴跌,5,345,  2018-11-20 12:00:51,2,5
 5000的钻石金刚低破了,17,422,  2018-11-20 05:18:39,2,1
 感觉这不是正常下跌，有人故意制造恐慌盘,13,773,  2018-11-20 13:41:39,2,11
 明天估开始计涨了,3,307,  2018-11-20 14:41:09,5,1
 中本聪牛逼！,25,607,  2018-11-20 09:05:41,3,2
 BTC还会继续跌吗,15,275,  2018-11-19 09:17:36,1,13
 要是比特跌破4000，下一个做空目标就是瑞波~,0,122,  2018-11-20 16:06:58,0,0
 现在抛币就是抛命。,4,301,  2018-11-20 14:27:18,1,0
 等待反弹！,2,144,  2018-11-20 15:50:18,0,2
 币市场跌这么厉害，是谁的错？,1,169,  2018-11-20 16:03:00,0,0
 居然翻到700多刀买的比特邮件,2,267,  2018-11-20 15:58:15,2,2
 大空头，别急着抄底了！,6,292,  2018-11-20 14:47:11,0,0
 全部盘动起来了,0,250,  2018-11-16 00:26:00,0,0
 奥泰基金会AOT Foundation向开曼群岛金融管理局CIMA提 ...,0,174,  2018-11-16 00:25:18,0,0
 韭菜有苦有甜,1,122,  2018-11-16 00:17:36,0,0
 牛来了,0,258,  2018-11-16 00:23:12,1,0
 算力大战科普,3,482,  2018-11-15 23:09:40,14,3
 快快 抄底最佳时机,2,316,  2018-11-15 23:54:44,0,0
 币圈博士：BCH分叉即将到来 关于分叉的问题和影响你知 ...,0,250,  2018-11-16 00:11:50,7,8
 【你们都被骗了】小吴赢了,3,459,  2018-11-15 23:49:11,0,1
 做空发财呀 半路上车10倍做空,6,514,  2018-11-15 23:03:21,3,0
 2500w跌倒500w,14,758,  2018-11-15 22:52:48,2,0
 瑞波开始多单进场,1,247,  2018-11-15 23:50:28,0,0
 真正的超级熊市，矿场都倒闭！,4,505,  2018-11-15 21:50:54,0,1
 大战开始了！看来小寒发布了绝密命令：给我砸！,7,849,  2018-11-15 22:47:31,0,0
 澳本聪被砸回老家啦。,1,622,  2018-11-15 23:21:35,0,2
 BTC为什么还要跌,14,1688,  2018-6-13 10:51:33,16,7
 还在跌！还在跌！看来真的要跌到5000了！,2,364,  2018-11-15 22:50:48,0,1
 有没有什么新玩意儿分享一下,0,179,  2018-11-15 22:50:26,0,0
 0:40开战 CoinEx所有交易区的BCH即代表BCHABC,0,406,  2018-11-15 22:42:21,0,0
 11.15 血流成河，这市场彻底被玩坏了，场内筹码将会更 ...,0,327,  2018-11-15 22:35:16,6,13
 瑞波币你们别买了 一般大盘瀑布他不跌 都是为了出货,0,193,  2018-11-15 22:29:10,0,0
 比特币终于结束了半年来6000-7000震荡，正式跨入$5000 ...,0,280,  2018-11-15 22:24:42,0,0
 暴跌的比特币，后市会如何？,1,294,  2018-11-15 22:06:48,5,18
 完了，亏惨了，想死了,30,1302,  2018-11-15 18:36:14,1,3
 在这里还有坚持信仰的人吗,4,212,  2018-11-15 21:46:38,0,0
 比特儿这份公告是什么意思呀，大家讲解 一下,3,342,  2018-11-15 21:49:45,0,0
 rsk被吓跑了,2,266,  2018-11-15 21:25:59,1,0
 SEC杠上BTC意欲何为？,2,323,  2018-10-25 10:44:40,3,0
 渣男贷款炒币还要我陪酒还债！,4,430,  2018-11-15 16:57:28,0,3
 揭秘！空投骗局,4,101,  2018-11-14 20:32:16,0,0
 分叉完了吗,2,249,  2018-11-15 21:48:48,1,1
 来来来，一起倒计时,2,267,  2018-11-15 21:50:45,0,2
 孙悟空说币： 这个澳本聪可以啊,0,237,  2018-11-15 21:56:12,3,4
 做空BCH，一生一次的机会！,1,341,  2018-11-15 21:17:20,13,6
 1000刀的炊饼你想不想吃？,9,315,  2018-11-15 10:59:30,0,0
 矿工又要输啦。,0,187,  2018-11-15 21:47:44,0,0
 当年火币里的辣条从131元，秒跌到1元,14,492,  2018-11-15 21:10:42,7,0
 区块链十大必读图书,43,41605,  2017-7-20 10:48:24,5,0
 【肿么啦】今年btc一阵狂跌,5,224,  2018-11-09 21:27:58,0,4
 iost怎么样？,15,420,  2018-11-09 17:53:49,0,1
 比特币熊了十个月了，老水手请问比特币啥时候破2万美 ...,11,440,  2018-11-09 16:55:44,4,2
 BCH正在一步一步往下跌,0,327,  2018-11-09 21:34:36,0,1
 首期币大富跟单王活动圆满结束！！收益率24%！！,0,219,  2018-11-09 21:31:43,4,2
 6000附近会是底部吗？,20,696,  2018-11-08 22:21:49,1,5
 又跌了，又可以了捡筹码了，，,1,256,  2018-11-09 20:57:37,0,0
 求证：纳斯达克明年开数字货币交易所 这消息靠谱不,2,321,  2018-11-09 19:41:42,2,0
 比特币的挖矿成本到底是多少,8,509,  2018-11-09 12:49:53,5,0
 双十一，都卖币去支持马云了，今晚暴跌，还不跑？,0,289,  2018-11-09 20:18:43,0,1
 Bitfinex上面可以提现美元到香港的银行卡吗？,5,742,  2018-10-25 22:04:03,2,0
 又瀑布了，我玩尼玛,40,1990,  2018-10-18 23:09:57,2,2
 今天走势看法,6,348,  2018-11-09 05:39:08,7,3
 日本币圈大V发推支持FCoinJP：随便买了点FJ 就拿到了1 ...,4,439,  2018-11-08 18:17:38,4,1
 稳定币未来去向何方？,2,232,  2018-11-09 15:35:52,0,0
 BCH有大单出货，其中有单4100出150个,7,414,  2018-11-09 17:48:01,0,0
 不玩了 拜拜了您,16,618,  2018-11-09 16:41:51,7,0
 大家都是如何存放比特币的,6,316,  2018-11-09 18:45:29,1,0
 比特币矿机租赁挖矿,1,253,  2018-11-09 19:13:19,0,0
 冬天来了 春天还会远吗,21,525,  2018-11-09 10:00:30,7,3
 杠杆高就意味着风险大吗？,10,348,  2018-11-09 10:32:28,3,1
 私链、联盟链真的和小散一毛钱关系没有？——闲聊子链 ...,0,216,  2018-11-09 19:08:22,0,0
 聊聊币圈乱七八糟的事！,2,208,  2018-11-09 18:39:40,0,0
 请问一下HITBTC 有没有苹果APP,0,246,  2018-11-09 18:56:19,1,0
 【每日咨询】遭遇数字货币诈骗，警察不立案怎么办？,0,249,  2018-11-09 18:37:38,3,2
 在水一方,0,255,  2018-11-09 18:30:02,5,10
 WanShare：深圳市金融办将推出国内首个金融区块链地方 ...,0,192,  2018-11-09 18:29:01,0,0
 韩国律师游说政府通过多项加密货币法案,0,198,  2018-11-09 18:24:27,1,2
 哪个交易平台好用？,30,636,  2018-11-09 09:57:34,5,0
 【视频】《月球情报局》：ACT跌幅近98%，早期投资人被 ...,0,213,  2018-11-09 18:21:47,3,6
 11月9日|上涨受阻，回落整理,0,223,  2018-11-09 17:53:43,10,1
 自从入了币圈天天冲浪过山车。,1,186,  2018-11-09 17:50:51,2,0
 【币圈传记】寻“聪”记：持有100万个比特币的中本聪 ...,3,290,  2018-11-09 15:53:18,2,2
 Exc me？？？啥情况,7,259,  2018-11-08 10:49:28,2,3
 支持周鸿祎！支持360！这才是正确的声音。,3,237,  2018-11-09 17:22:09,0,0
 有没有广州的群加一下,0,134,  2018-11-09 17:41:39,0,0
 区块链3.0谈共识体系，生态令能打几分？,1,131,  2018-11-01 15:46:11,2,0
 10万韭菜团子 币圈自媒体“王团长区块链日记”公众号 ...,11,467,  2018-11-01 12:46:28,2,1
 熊市的指南针在哪呢？,4,180,  2018-11-01 15:19:49,1,1
 【比特币“矿场”调查：暴利已成往事 矿主亏到肝疼】,0,240,  2018-11-01 15:30:02,3,0
 熊市的指南针在哪里？,2,167,  2018-11-01 15:19:21,1,1
 游戏行业的冬天来了-网易裁员,5,462,  2018-11-01 14:27:53,0,0
 比特币大宗买家，卖家来,25,2496,  2018-7-15 20:55:46,0,0
 谁是币圈最有地位、最心狠手辣的男人？,2,218,  2018-11-01 15:17:38,0,0
 十年之前我不认识你，你不属于我,24,490,  2018-10-31 20:47:31,21,6
 艾达币（ADA）俩月450倍，现跌超九成还有价值？,5,601,  2018-10-23 20:34:48,8,8
 比特币矿业，十年话江湖。,0,130,  2018-11-01 15:19:28,24,9
 WanShare：比特币十年，从出租屋到豪华别墅！,5,342,  2018-10-30 16:00:57,1,0
 筹码集中是好是坏？【11月01日救赎说币】,0,86,  2018-11-01 15:15:38,0,0
 我好想逃…可是逃不掉哦……,7,324,  2018-11-01 13:05:33,4,1
 除了游戏，还有哪些产业是区块链项目已经落地的,0,102,  2018-11-01 15:12:24,0,0
 超哥区块链定投日记025:我想买几台矿机,5,354,  2018-10-23 12:38:30,7,1
 牛市还有多久才能来啊？,23,840,  2018-10-25 12:49:40,7,4
 Bitmex首席执行官才过5个月时间 竟然发出截然不同的声 ...,5,275,  2018-11-01 14:01:07,2,1
 小贴士:塞浦路斯事件,3,229,  2018-11-01 14:42:58,1,0
 比特币十年，你知道它“被死亡”了多少次嘛,4,255,  2018-11-01 10:20:03,0,0
 请教各位了,8,235,  2018-11-01 07:46:31,2,0
 我就不信，全世界的韭菜会在同一时间行动,2,267,  2018-11-01 14:33:20,1,0
 最近好多矿机都大降价，阿瓦隆和芯动官网价格却很坚挺 ...,3,203,  2018-10-30 11:20:55,3,0
 比特币十年，细数它的几大对手系列（3）,0,104,  2018-11-01 14:54:34,1,0
 如果某比特币持有人不幸离世，那么比特币将如何处置,20,727,  2018-10-31 11:59:51,3,0
 直播贴：每个月10号发工资定投3000买比特币（持续更新 ...,45,1849,  2018-10-29 18:01:59,2,0
 比特币十年，细数它的几大对手系列（2）,2,115,  2018-11-01 11:47:22,0,0
 金庸先生，感谢您给予我们一个豪情万丈的江湖梦,1,257,  2018-11-01 13:30:56,9,0
 屯矿机等牛市来了，卖二手矿机利润都能翻几倍？？！,4,318,  2018-10-30 16:20:02,4,0
 有营养，年轻人必看！火币董事长李林清华演讲全文,11,722,  2018-10-25 19:08:36,16,7
 阿瓦隆和芯动矿机价格真的很稳，官网都不太降价？,3,230,  2018-10-30 16:20:22,1,0
 Binance以区块链的力量驳斥了黑客攻击的指控,0,95,  2018-11-01 14:47:25,0,0
 安少：韩国FSC主席表示加密货币交易所将不再面临银行 ...,0,133,  2018-11-01 14:31:22,0,0
 安少看盘：KDJ三线金叉共振，证明短线仍具备上攻的能 ...,0,110,  2018-10-24 11:23:15,0,1
 没想到狂人的胜率那么低,11,528,  2018-10-23 11:27:22,12,12
 名词解释第六十四讲：2.0代币,0,129,  2018-10-24 10:55:07,2,0
 以链治链：杨东评全球首部区块链技术监管法规-网信办 ...,0,146,  2018-10-24 10:55:03,1,0
 求问在哪里买比特币并提到钱包手续费最低,1,201,  2018-10-24 08:22:15,0,1
 24小时资金净流入LTC排名第一，怎么看？,0,167,  2018-10-24 10:25:00,0,0
 今日有话：如何在币圈守住自己的底线,13,309,  2018-10-23 15:11:14,10,1
 鹿小早话题,0,81,  2018-10-24 10:09:18,0,0
 币圈“凉了”，链圈“来了”...其实区块链无法赋能所 ...,0,124,  2018-10-24 10:04:32,6,2
 论coinex跑路？,13,502,  2018-10-24 08:16:54,0,0
 Fomo3D底层原理，Fomo3D赚钱思维，Fomo3D操作详细,24,2040,  2018-7-23 19:15:12,0,0
 深入理解链通,0,243,  2018-10-24 09:47:00,1,2
 品爷日记第76篇：CMT超跌，抄底的赚了吧,0,147,  2018-10-24 09:39:27,7,1
 山寨“游击战”打完一根灌肠阴,0,179,  2018-10-24 09:38:11,16,11
 关于区块链，你该知道的事,2,384,  2018-9-30 10:26:21,4,2
 大家晚上好,2,146,  2018-10-24 00:52:15,3,0
 区块链+佛教？买币供佛、寺庙发币，这是今年最开脑洞 ...,6,396,  2018-10-23 14:24:38,10,2
 UC拉的漂亮呢,14,355,  2018-10-24 00:25:31,5,0
 10月24日内行情连载更新,0,151,  2018-10-24 09:19:52,0,0
 稳定币：交易所割韭菜新利器！,1,231,  2018-10-24 09:14:46,2,0
 你们如果熊市是十公里的话 你们认为走到今天熊市走了 ...,54,2393,  2018-9-26 16:45:02,3,8
 求问在哪里买比特币并提到钱包手续费最低？,2,324,  2018-10-24 08:21:26,1,0
 2018.10.24-Genesis Space（理想国）每日早报,0,113,  2018-10-24 08:35:33,0,0
 阿斗原要雄起吗？,97,2020,  2018-10-21 10:13:36,8,4
 比特币2018年10月18日下午16点30大涨！！！,51,2502,  2018-10-18 10:09:37,9,0
 重磅|BAKKT 12月上线比特币期货，意义或超越ETF被批准,2,313,  2018-10-24 00:31:29,5,0
 14年梦想辣条到999元一枚，3年后超额完成；18年梦想辣 ...,29,869,  2018-10-21 09:59:28,3,1
 如何看待比特大陆S9放出固件以实现显性AsicBoost功能 ...,2,312,  2018-10-23 10:41:32,0,1
 短期风险基本消除,3,322,  2018-10-23 02:43:53,1,1
 维权者的游戏：口水正在淹没区块链,0,196,  2018-10-23 23:52:11,10,8
 李笑来：韭菜真相！,1,246,  2018-10-23 19:40:31,0,0
 好长时间不买币了，最近买了nobs，大家可以关注下,6,225,  2018-10-23 16:18:17,0,3
 路,0,194,  2018-10-23 23:14:45,14,3
 山寨币究竟有多可怕？,0,140,  2018-10-16 15:18:32,1,0
 江卓尔：谈谈USDT的风险，和挂掉的影响,1,297,  2018-10-16 15:12:56,2,0
 美国战略先手已定，USDT没有未来！,0,180,  2018-10-16 15:12:25,9,0
 近期币市有回暖   是否转角会遇到爱,3,259,  2018-10-16 13:39:43,1,0
 10月16单日连载贴，给出思路分析的同时会择机公布现价 ...,0,138,  2018-10-16 15:05:40,0,0
 10月16单日连载贴，给出思路分析的同时会择机公布现价 ...,2,169,  2018-10-16 09:29:55,2,2
 突然变脸？USDT该何去何从？,1,242,  2018-10-16 11:33:20,1,2
 2点之后要来一波大行情，期待一下,4,370,  2018-10-16 13:41:23,2,5
 快来看快来看  这是什么！！！,4,230,  2018-10-16 14:23:55,0,0
 肯尼亚政府将在新的经济适用房项目中使用区块链,1,176,  2018-10-16 14:47:21,1,0
 稳定币USDT不稳，上周建议却很稳，神币大幅上涨46.74%,0,96,  2018-10-16 14:56:39,7,7
 USDT与美金差价增大，不安全。稳定币哪里安全性如何？ ...,14,561,  2018-10-15 10:24:18,3,3
 引力社区之声 | 第七期9/26-10/15,0,110,  2018-10-16 14:50:46,7,2
 恒币2018-10-16前瞻，突变？不！市场还是那个市场,0,136,  2018-10-16 14:50:17,21,9
 Epoch Partners宣布了全球首个与加密货币相关IPO,0,192,  2018-10-16 14:49:32,0,0
 区块链下一个入口之证券型代币STO交易所,0,398,  2018-10-16 14:38:16,0,0
 怎么才能获得金币?,8,172,  2018-10-16 11:48:23,2,0
 凛冬已至，USDT还是谷底表现,0,187,  2018-10-16 14:33:45,3,5
 中关村创新创业季 | 筱静观察第13期：区块链，从信息 ...,0,101,  2018-10-16 14:28:16,0,0
 CROS | 对加密货币的三个判断,0,134,  2018-10-16 14:28:05,0,0
 不要再幻想抄底了，现在即是位于底部,4,229,  2018-10-16 14:06:01,5,1
 号外号外！沙特承认杀害沙特籍记者卡舒吉,13,784,  2018-10-16 13:18:23,26,0
 又开始玩套路了,9,374,  2018-10-16 13:52:07,4,0
 投资日记第一篇！2018年年终会见到大瀑布,2,285,  2018-10-16 12:38:28,3,2
 富达投资为机构开启加密业务；BTC 链上存储地址余额骤 ...,0,126,  2018-10-16 14:15:28,23,11
 连问三个九五后小鲜肉结果。。。。,25,1703,  2018-9-29 08:54:31,4,0
 SSPCEO赖全荣：区块链能否救赎所有产业？|筱静观察,0,92,  2018-10-16 14:12:21,0,0
 一文带你了解比特币闪电网络的原理和风险,0,74,  2018-10-16 14:06:56,0,0
 昨天谁人哭，谁人笑，usdt真的稳定吗？,3,180,  2018-10-16 13:50:42,0,0
 这并非一次阴谋,0,181,  2018-10-16 13:57:45,1,1
 资讯 | 百家争鸣：阿里巴巴达摩院区块链实验室正式启 ...,0,53,  2018-10-16 13:56:10,0,0
 什么比较好的外部钱包能装ZEC或者DASH？,2,270,  2018-10-15 03:31:00,1,0
 昨天的暴涨，我们真的赚钱了吗？,0,136,  2018-10-16 13:48:35,0,0
 下一步什么动作,9,376,  2018-10-15 18:06:01,5,3
 有没有15年炒到现在的   没用过钱包只在交易所交易的,3,675,  2018-8-15 20:03:39,0,0
 “EOS生态DAPP开发者分享会”将于本周六在上海举办,0,162,  2018-10-09 12:06:04,0,0
 很多垃圾币都在坚持，等待年底大盘利好的到来,0,208,  2018-10-09 12:04:03,1,0
 说到分布式存储，伏地魔才是鼻祖,2,249,  2018-10-09 10:44:40,2,0
 揭露！币圈**领导骚扰女员工！,3,346,  2018-10-09 11:31:04,3,1
 比特币该到选择方向的时候了,0,206,  2018-10-09 12:01:08,0,5
 币圈无情我有情,7,531,  2018-8-14 12:15:29,6,0
 横了1个星期了，可以开空单了吗,7,376,  2018-10-09 00:27:40,1,1
 区块链项目排名不靠谱？大数据平台Gikee带你全方位解 ...,0,161,  2018-10-09 11:45:06,1,0
 如果你是庄家你会让行情怎么走？,0,153,  2018-10-09 11:44:01,1,0
 我发现，炒币赚钱其实是非常简单的,0,320,  2018-10-09 11:42:33,1,0
 火币或许已经死了，只是尸体还热着,4,478,  2018-10-09 11:03:25,4,3
 火聘online，，有岗等你,0,142,  2018-10-09 11:38:42,8,0
 为什么全球排名前50大学，4成开设区块链课程？,0,210,  2018-10-09 11:37:46,6,1
 据Searchain.io数据显示：    昨日BTC大额转账转账数 ...,0,121,  2018-10-09 11:33:10,0,0
 据Searchain.io数据显示： 昨日BTC流入交易所数量为34 ...,0,118,  2018-10-09 11:31:34,0,0
 继续“空气币”，牛市来了你也没机会发财,1,244,  2018-10-09 11:29:46,4,0
 蒸发的市值到哪里去了？,3,288,  2018-10-09 10:58:59,7,4
 黑莓推出了基于区块链的医疗服务平台,0,74,  2018-10-09 11:24:21,0,0
 据Searchain.io 数据显示：以法币兑换为主的交易所中 ...,0,97,  2018-10-09 11:19:09,1,0
 歪国专家学者谈中美关系,0,131,  2018-10-09 11:14:37,2,1
 加密货币有哪几种,3,361,  2018-9-29 01:22:53,2,0
 GUSD总供给量骤减，出现通过法币赎回流出市场趋势,0,148,  2018-10-09 11:05:34,0,0
 骗术次次新--那些年海外OTC的惨痛经历,121,39395,  2017-10-18 09:43:16,11,5
 干货分享 | 陈云：理解区块链世界，你需要这五大底层 ...,0,167,  2018-10-09 11:00:46,5,1
 坐稳扶好，等风来！,3,282,  2018-10-09 10:28:48,7,0
 观望观望就上车了，币圈是有啥魔力,0,94,  2018-10-09 10:56:32,1,0
 诸神的黄昏,0,112,  2018-10-09 10:53:13,7,8
 调查显示：54％的机构参与者认为比特币价格已经“触底 ...,1,212,  2018-10-09 10:41:38,2,1
 大富策略回测正确率100%！大变盘开启倒计时！,28,606,  2018-10-08 21:03:06,14,3
 币圈不也一样能者能，弱者弱还又啥区分,2,195,  2018-10-09 10:27:28,0,0
 最长的假过去了似乎也没有平静啊,8,220,  2018-10-08 10:05:30,3,0
 不会又整什么幺蛾子币吧,2,151,  2018-10-09 10:38:47,0,0
 名词解释五十三讲：币币交易,1,182,  2018-10-09 10:43:14,9,4
 币价跌成“白菜价”挖矿还是屡禁不止，是什么支撑这个 ...,0,202,  2018-10-09 10:37:18,5,1
 空头趋势以变,0,219,  2018-9-27 09:25:55,0,0
 杠杆第8天|期货就像游戏里升级装备，失败是不可避免的 ...,0,138,  2018-9-27 09:21:01,5,0
 BTC大额转账总量47.66万个 英国男子因比特币骗局损失3 ...,0,234,  2018-9-27 09:16:37,0,0
 这两天的比特币震荡,0,133,  2018-9-27 09:14:18,1,0
 国庆soulmate寻缘之旅,0,190,  2018-9-27 09:12:58,0,0
 9/27：牛参早评和昨日复盘,0,146,  2018-9-27 08:53:26,17,28
 火币到底发了几个币啊,2,454,  2018-9-27 03:48:02,0,0
 ok 火币 自己注意点,3,444,  2018-9-27 07:49:20,0,0
 请问大神，有没有靠谱的云算力挖矿,3,464,  2018-9-26 21:18:40,0,0
 对不起所有期盼，望早日一家团圆，中秋快乐,27,1788,  2018-9-24 05:17:32,19,8
 火币大量虚假数据 10倍成交量假数据,3,785,  2018-9-26 21:01:46,3,0
 火币交易成出问题了？,17,1184,  2018-9-26 19:25:08,4,5
 【路飞说币吧】区间空间较小，不建议操作,1,427,  2018-9-27 01:29:10,5,10
" 一个币客发行3种平台币，bkk, bkc, bkf 。感觉还是蛮 ...",7,652,  2018-9-26 10:59:16,1,0
 有谁会玩王者荣耀的，帮我玩下！,1,368,  2018-9-26 18:10:16,1,0
 币圈毒瘤火币和ok,2,603,  2018-9-26 20:59:10,0,0
 抵制火币 团结起来封杀垃圾火币就和封杀狂人一样,7,590,  2018-9-26 20:55:47,1,1
 李林火币集团,22,1372,  2018-9-26 20:08:54,1,0
 大家觉得***这个币怎么样！,2,381,  2018-9-26 23:41:19,0,0
 看多的稳住～～～,14,855,  2018-9-26 10:53:42,3,3
 错过了最佳卖点，调整一下心态，呼呼呼呼,9,696,  2018-9-26 13:07:24,6,3
 你是病态赌徒吗？,0,510,  2018-9-26 23:54:30,3,1
 浅谈IPFS代币期货与LBank交易所的行为,0,322,  2018-9-26 23:50:55,1,0
 抄币的有福气了 放一个内幕消息！,11,934,  2018-9-26 14:40:07,3,1
 ？？？都疯了？？,5,760,  2018-9-26 22:56:00,2,0
 谁来说说steem,1,438,  2018-9-26 23:00:50,1,0
 中秋砸盘？是真还是假？,10,968,  2018-9-24 00:44:35,9,3
" 火币出现严重bug,买币卖币都无用，账户只显示资金",4,804,  2018-9-26 17:40:45,2,0
 晚间小谈以及消息分享,0,334,  2018-9-26 22:16:26,3,0
 市场周报 | 加密货币市场分析（9.17-9.24）,0,320,  2018-9-26 21:44:13,9,4
 市值排名第9的 ADA，大家怎么看？,3,575,  2018-9-26 20:21:28,2,0
 比特大陆在港交所披露招股说明书,1,526,  2018-9-26 21:07:33,0,0
 又到了雷点时刻 2018.09.26,0,440,  2018-9-26 21:17:03,11,10
 XRP最舒服的逃命机会,12,818,  2018-9-26 16:54:05,12,11
 区块链思维的本质是什么？,0,267,  2018-9-18 12:00:06,3,0
 最开始炒币的都是哪类人了,19,825,  2018-9-17 10:36:23,4,12
 终告妥协！支付宝、微信支付均被银联“收编”,3,506,  2018-9-18 11:25:06,1,0
 区块链上市公司排名：14家净利润三年复合增长率在100% ...,0,273,  2018-9-18 11:56:33,9,20
 骗子这么多，你该如何远离传销币？,0,298,  2018-9-18 11:55:56,10,2
 【IPFS100问】第61问 filecoin共识机制组成,0,307,  2018-9-18 11:54:57,0,0
 除了炒币和圈钱，区块链还能做什么？,0,286,  2018-9-18 11:54:26,2,0
 我不管，我一定要在这个熊市中活下去！,0,246,  2018-9-18 11:53:17,6,4
 大件事！谷歌商店下架数字货币钱包,0,212,  2018-9-18 11:51:32,0,0
 【可能是利好】真正的国家队正准备入场,28,1491,  2018-9-17 12:07:16,3,0
 又是半夜瀑布，老水手你说你无脑唱多要坑多少韭菜？,10,627,  2018-9-18 08:00:36,8,9
 比特大陆面临破产，吴忌寒：兄弟，把你简历寄过来,5,754,  2018-9-18 10:58:45,1,4
 大饼反弹宣告结束，空军又将开始,3,427,  2018-9-18 10:12:49,0,0
 等跌的大家都看空了 再往上拉 反复割,0,240,  2018-9-18 11:42:09,0,0
 想在币圈玩，先干了这18碗毒鸡汤,2,315,  2018-9-18 11:35:26,4,8
 爸妈，区块链真的不是传销,0,205,  2018-9-18 11:36:56,6,0
 比特币的邪恶阴谋,5,629,  2018-9-17 23:02:08,2,0
 区块链的三大类型解读,0,221,  2018-9-18 11:36:09,3,1
 有个炒币的男朋友，是一种什么体验,0,333,  2018-9-18 11:34:44,3,1
 9.17 币圈大v发文预测汇总表新鲜出炉,6,707,  2018-9-17 22:11:49,3,1
 现在矿工貌似全行业亏损了，我没算错吧？业内人士来说 ...,37,7619,  2016-2-11 11:44:36,18,5
 越南CDAD会议后续报道 | InterValue参观越南媒体洽谈 ...,0,265,  2018-9-18 11:29:26,0,0
 庄家可能向5000点发动进攻了,5,453,  2018-9-18 10:55:06,2,2
 searchain 大额交易监测9月18日日报 各位大佬检阅,0,269,  2018-9-18 11:26:58,0,0
 如何构建全球最大的“通证交易市场”,0,159,  2018-9-18 11:26:11,3,1
 中国工商银行将采用区块链技术,0,227,  2018-9-18 11:22:30,0,0
 开始炒币后，你的人生发生了什么变化？,22,927,  2018-9-17 18:17:24,5,2
 NGC朱威宇：不管牛市熊市，都需要定力和坚持原则,0,227,  2018-9-18 11:18:22,46,11
 预告 | InterValue将出席上海“2018区块链践行者中国 ...,0,174,  2018-9-18 11:17:35,0,0
 采矿真的像你想象的那么难吗？你最喜欢哪种采矿方式？,1,392,  2018-9-17 19:13:24,0,0
 谁知道CARD这个币怎么样？感觉他们的空投奖励很不错啊,0,199,  2018-9-18 11:13:41,0,0
 今日头条争议的扩张路：复活内涵段子 布局金融行业,0,206,  2018-9-18 11:13:30,4,0
 本周末15-17号将会有大事发生，敬请关注,26,2605,  2018-9-11 21:31:30,2,3
 空军又攻击了，这次我赶紧撤了！,9,854,  2018-9-18 00:00:00,3,3
 第一贴！个人认为这是最后一次骗韭菜下车！,15,1103,  2018-9-17 15:46:40,4,9
 预测下主流币的下一波走势,2,362,  2018-9-18 10:53:34,0,0
 从白皮书看魔都区块链,0,302,  2018-9-18 11:05:32,3,1
 老水手被搞熄火了，自宫人月开始忽悠韭菜,6,411,  2018-9-10 09:00:46,1,0
 成功预测4次BTC走势，目前准确率100%,1,287,  2018-9-10 09:44:20,1,2
 如何摆脱被庄家支配的恐惧——第一课：笼中鸟的哀嚎,1,390,  2018-9-09 14:25:36,1,2
 多少人持有多少狗币啊？,0,394,  2018-9-10 09:43:26,0,0
 真尼玛脑残了做空司马dash,2,439,  2018-9-10 08:33:27,1,0
 0910操作建议：阻力是用来突破的，支撑是用来击穿的！,0,354,  2018-9-10 09:42:03,2,3
 区块链崩塌遭万人唾弃？一文告诉你，崩塌的区块链行业 ...,0,325,  2018-9-10 09:41:42,4,2
 开出去的单子，泼出去的水,7,496,  2018-9-06 14:40:33,0,0
 无限风光在险峰！,2,552,  2018-9-09 13:02:38,2,1
 V神大傻X，配合空军做空,2,455,  2018-9-10 08:53:49,0,0
 加密少女 |嗨，你的初恋在这里,0,345,  2018-9-10 09:16:57,2,0
 中秋节快到了,4,590,  2018-9-10 08:39:05,0,2
 这一次被套的最惨机构非达屎币,15,2262,  2018-9-08 20:56:23,5,1
 9/10：牛参早评,0,373,  2018-9-10 08:55:25,22,20
 点点币官方钱包自带的多重签名怎么使用？,3,645,  2018-9-09 20:46:35,0,0
 一浪更比一浪低,19,1819,  2018-8-30 07:45:22,5,0
 比特币如通过ETF是灾难，被美国控制涨跌,5,824,  2018-9-09 11:28:09,7,4
 熊市各项目方的利好新闻基本上没有了,2,430,  2018-9-10 06:42:42,6,0
 下一次该上了还是该下了？,1,307,  2018-9-10 07:43:35,0,0
 都佛系...或者弃疗了....,4,866,  2018-9-09 21:43:33,0,1
 炒币是一件让人丧心病狂的事,15,1845,  2018-8-29 20:22:34,19,5
 新人炒币须知几点,3,1018,  2018-8-27 22:10:46,16,4
 认清现实吧，V神表态现阶段已经没有千倍暴富币了。,2,579,  2018-9-10 05:55:43,4,0
 比特币通过ETF的希望又大了一倍,31,2759,  2018-9-09 08:19:15,1,0
 今天继续考验6000点,2,708,  2018-9-10 00:05:00,0,1
 幺蛾子暴涨100倍,0,464,  2018-9-10 04:34:20,0,0
 一凡谈币20180909分析,1,635,  2018-9-09 21:37:59,1,4
 加仓扛单出奇迹,4,923,  2018-9-06 19:41:07,1,5
 八哥消失1个多月，狂人被封，各路大v纷纷看跌,3,1035,  2018-9-09 18:25:54,1,0
 完了完了～,10,1272,  2018-9-09 16:26:59,2,0
 火币ht，有的赶紧抛了吧，骗子交易所，要破发了,12,1263,  2018-9-09 01:28:52,9,10
 不要建仓，等6000以下,1,571,  2018-9-10 00:29:15,0,0
 高铁为什么那么重要,3,919,  2018-9-09 15:03:57,3,2
 今日论坛有热闹了,2,780,  2018-9-09 20:16:44,0,2
 币民和水鬼,0,625,  2018-9-10 00:14:08,15,4
 全体筒子注意，明天集体做空。,36,2610,  2018-9-03 16:18:17,2,0
 BTC近期会有一波反弹,6,888,  2018-8-17 11:16:40,1,3
 交易平台想建护城河，就这样做！,0,393,  2018-9-01 14:24:27,5,2
 区块链学习笔记之--比特币再深入（中）,0,461,  2018-9-01 14:05:53,0,0
 反弹即将结束？各币种分化加深就算追涨也别追错了！,0,164,  2018-9-01 13:57:57,24,25
 我自己整理的看法，供币友参考,4,544,  2018-8-31 16:02:16,1,1
 金融危机有可能发生，比特币有可能涨一个月到100万,12,1387,  2018-9-01 00:29:32,3,2
 EOS强压力位在7美金。这个压力位基本上不大可能一次性 ...,5,608,  2018-9-01 11:28:51,1,0
 闪电比特币的奇妙物语,0,405,  2018-9-01 13:35:10,6,0
 庄家该拉了，不拉空军就要反扑了,6,626,  2018-9-01 11:18:20,0,2
 怎么办。。。,1,381,  2018-9-01 12:53:14,1,0
 计算了一下 币市市值太高了 泡沫还是非常大,17,1268,  2018-8-31 22:37:12,7,0
 【IPFS100问】第47问 IPFS存储矿机中的超融合技术,0,327,  2018-9-01 12:02:21,0,0
 全力做多啦，发家致富,4,604,  2018-9-01 09:13:18,0,0
 这两天这么稳是黎明前还是暴风雨前,7,534,  2018-9-01 10:32:11,2,2
 挣钱的总是那少部分人,5,496,  2018-9-01 09:31:53,6,0
 大家都觉得利空的时候，就是爆拉的时候,3,489,  2018-9-01 09:40:07,0,0
 比特币只有在熊市存在感大点,11,1235,  2018-8-03 22:06:18,16,1
 除比特币外，还有哪些领域已经或可能使用「区块链」技 ...,2,982,  2018-8-29 18:58:23,0,0
 浅谈智能合约,5,853,  2018-8-30 23:27:39,1,2
 大家都在抛弃碧池币,2,769,  2018-8-26 19:32:12,0,0
 棋牌游戏迎来全新变现模式，看“棋牌+区块链”这次怎 ...,0,504,  2018-9-01 10:57:57,0,0
 今天1号 多空双方都阵亡了吗,0,389,  2018-9-01 10:55:31,0,0
 纵横云汉逍遥日 高台坐看浪滔滔 UB启示录一,1,645,  2018-8-30 13:42:19,1,0
 打造“新型营销体系” 禾仓集团今日正式成立,0,3457,  2018-9-01 10:54:34,3,1
 打造新型营销体系 禾仓集团进军新零售,0,2986,  2018-9-01 10:48:37,2,1
 银行查封虚拟交易账户文件疑似流出,11,1253,  2018-8-31 16:54:03,2,0
 操盘手的神操作 附详情分析,1,397,  2018-9-01 10:31:45,0,4
 操盘手的神操作 附详情分析,0,242,  2018-9-01 10:30:44,0,4
 阿根廷崩了，玩比特币的你们高兴了吧,30,2451,  2018-8-31 14:35:27,3,0
 监管和熊市,1,349,  2018-9-01 09:00:12,4,13
 求可以全网查开房记录的方法,6,1590,  2018-8-31 23:09:08,0,0
 【独家视频】Alesso Rastani：比特币将在10月中下旬大 ...,2,753,  2018-8-31 18:45:05,1,1
 大妈们都能看懂的IPFS协议,26,944,  2018-8-31 12:52:17,8,0
 区块链与实业相结合而落地,0,378,  2018-9-01 02:51:05,4,0
 矮油，不错哦，又涨了，,39,3430,  2018-8-16 00:35:15,17,10
 抄底了一个项目,10,1122,  2018-8-30 16:48:39,1,2
 挖矿利润降低，英伟达宣布暂时终止区块链计算业务,1,509,  2018-8-23 15:51:18,0,2
 以后禁止在公共场所路演，换这里开会怎么样？,1,474,  2018-8-23 17:21:15,1,0
 下载Bpal钱包送比特币，邀请也送！,0,501,  2018-8-23 17:20:35,0,0
 是时候来写一首诗了！~叨币道,0,359,  2018-8-23 17:14:16,0,0
 这个霸道了,6,806,  2018-8-22 11:56:41,2,0
 熊市生存指南——保温币伴你过冬,0,462,  2018-8-23 17:02:02,2,5
 我就想问，这么牛逼的项目，什么时候才能把项目负责人 ...,0,375,  2018-8-23 17:01:47,1,0
 美国证券交易委员会否决9项比特币ETF提案,0,298,  2018-8-23 16:56:24,0,0
 火币海带丝里面几乎都是几厘一个的币,24,2322,  2018-8-14 22:32:41,7,2
 就在今晚吧，可能要守不住了。,44,3517,  2018-8-21 22:14:59,4,3
 一个不成熟的传销币,0,411,  2018-8-23 16:50:30,0,0
 【十大国外加密货币新闻网站】冬天备粮，给自己施肥吧,0,420,  2018-8-23 16:50:04,0,0
 【任何郭嘉要发行数字货币，你笑笑就好，玩中心化的数 ...,4,569,  2018-8-21 13:47:49,2,2
 安猫质安链项目方案分块落地研讨会每晚7-9点在公司举 ...,0,395,  2018-8-23 16:46:51,0,0
 新榜下架区块链媒体微信公众号排行榜,1,512,  2018-8-23 16:44:46,0,0
 哀叹币圈公众号被封？不如学习全球第一区块链媒体如何 ...,0,259,  2018-8-23 16:45:29,3,2
 红头文件禁止各类线下活动，路演！,35,3655,  2018-8-22 14:29:10,0,0
 IPFS原力区线下活动积分奖励领取通知,0,302,  2018-8-23 16:32:23,0,0
 本人刚上大学，手里有三万多的暑假工资积蓄，该投资什 ...,47,2429,  2018-8-21 10:57:29,8,2
 在区块链产业大规模应用前，ETF将成为行业发展的分割 ...,0,312,  2018-8-23 16:20:09,2,0
 现在是什么方向，说说你的看法,15,943,  2018-8-23 12:34:54,4,4
 区块链钱包知识，看完你还敢说你真懂了吗,12,769,  2018-8-22 15:10:21,3,1
 虽然我被套在了7000，但我还是想买1000的比特币,0,406,  2018-8-23 16:12:14,0,0
 区块链Token经济时代，怎么当个好人？,2,451,  2018-7-16 17:16:44,4,0
 HADAX2.0首推共赢基金，你要的HT分红机会来了,0,510,  2018-8-23 16:06:25,4,0
 关于ven.vet唯链的那点烂事,2,687,  2018-8-13 15:52:29,1,1
 唯链为什么突然疯了,5,1458,  2018-8-02 20:30:31,2,1
 今天爆火的韭菜之歌 你听了吗 太逗了,0,336,  2018-8-23 15:57:01,0,0
 为何企业家纷纷选择区块链,1,397,  2018-8-23 15:55:25,0,0
 AI马上要颠覆Dota2，距离区块链颠覆世界还有多远？,6,681,  2018-8-23 09:58:01,8,1
 ven我反正不怕死,37,1740,  2018-7-20 11:44:33,3,5
 山寨币再次暴跌，莫问底在何处，多头不死，空头不止！,0,185,  2018-8-15 10:34:48,11,27
 什么是区块链技术?安全和被信任是区块链技术的核心,0,252,  2018-8-15 10:34:18,3,4
 什么是区块链改革“链改”？,0,272,  2018-8-15 10:28:55,1,0
 什么是区块链改革“链改”？,0,353,  2018-8-15 10:27:25,1,0
 听说你们都发财了?,4,574,  2018-8-15 09:51:36,0,0
 HADAX2.0投票新规上线 HT持有者能否逆风翻盘,0,328,  2018-8-15 10:20:03,2,3
 弱弱的问一句，有人要TAC不？,11,1246,  2018-6-01 20:23:36,0,0
 快讯：熊市黑马实体溯源链ABC成链战会场主角,0,1017,  2018-8-15 10:12:06,1,7
 全球BTC大户蒋主力发话了，不给你们说说怎么操盘的， ...,2,528,  2018-8-15 10:00:54,8,0
 到底为啥跌？,11,1203,  2018-8-14 21:20:04,2,9
 【活动福利】“价值回归”区块链分享会活动报名正在火 ...,0,332,  2018-8-15 09:56:23,1,0
 大饼下6000求鸡汤求信仰,20,1283,  2018-8-14 11:23:30,7,6
 昨天很多人割肉 很多人追空不出意外今天割肉的大腿要 ...,2,748,  2018-8-15 07:34:27,1,2
 8月10号不管ETF什么结果都一定会迎来熊市大跌,7,1112,  2018-7-31 08:17:18,5,6
 继续定投比特币，比特币市值90%以上梭哈,4,750,  2018-8-15 02:00:41,1,1
 宋鸿兵笔下的货币战争已经打响,3,631,  2018-8-15 07:15:32,0,0
 刚刚看到个预言贴,0,262,  2018-8-15 09:06:09,0,0
 太可怕了。。。,5,1205,  2018-8-15 00:31:07,10,8
 8/15：牛参早评,0,307,  2018-8-15 08:58:03,14,6
 每日韭菜恐慌指数，币圈大V每日观点回测,0,252,  2018-8-15 08:53:29,0,0
 玩杠杆的人还在吗,0,259,  2018-8-15 08:44:21,2,3
 还佛不佛系,25,2044,  2018-8-14 12:54:42,9,4
 谁能解释一下为何大饼跌成这熊样了算力一直加加加。。 ...,38,3635,  2018-8-13 19:03:13,3,2
 BTC 2小时+4小时线低点形成，短期有望走一波反弹,0,254,  2018-8-15 08:05:28,0,0
 抄底了 比特币即将起飞 6077,2,636,  2018-8-15 06:28:25,0,0
 分析下现在的局势吧,0,195,  2018-8-15 02:32:18,0,1
 越多吓唬比特币还要跌，还要归零的贴子，别人越着急， ...,5,896,  2018-8-14 14:57:30,0,1
 判定一个币的好与坏最简单的是这样！,5,809,  2018-8-14 22:50:38,7,9
 【福利大奖】TOKOK开创“挖矿红包”，100台iPhone X限 ...,29,2066,  2018-8-13 15:46:13,20,1
 法币交易里面 一大批炒底的资金 充值到交易平台潜伏,4,816,  2018-8-15 01:45:47,0,0
 来看看当前大家对币市的态度,0,560,  2018-8-15 01:16:59,44,19
 宝二爷：准备抄底但熊市还未到底 只抄比特币的底而非 ...,2,964,  2018-8-14 23:01:10,0,2
 矿霸比特大陆IPO揭秘：熊市崛起的千亿帝国,0,190,  2018-8-15 00:58:27,14,9
 唉，没用的,0,215,  2018-8-15 00:51:24,0,1
 美国SEC推迟到9月末决定审批首支比特币ETF,1,615,  2018-8-08 14:20:08,0,0
 惨惨惨，太惨了,6,843,  2018-8-08 12:53:37,2,4
 UB钱包 警告: 不明的交易规则被启用了(versionbit 0),3,2938,  2018-1-02 09:38:24,1,0
 15年比特币价格200刀,4,514,  2018-8-08 12:52:24,0,1
 token经济，势不可挡。,0,421,  2018-8-08 14:25:00,0,0
 Imtoken通用版钱包助记词忘记或者遗失怎么办？,0,1330,  2018-8-08 14:13:43,0,0
 做合约来的快去得快,0,342,  2018-8-08 14:13:10,0,0
 逆世界,2,415,  2018-8-08 13:56:05,4,1
 比特币使出最后一招回马枪,0,343,  2018-8-08 14:08:17,1,0
 别追涨 今天还有机会回砸破6500,1,396,  2018-8-08 14:02:34,0,0
 国家出重拳，对区块链大改革，脱虚向实-赋能实体经济 ...,0,314,  2018-8-08 14:05:04,1,0
 区块链什么时候开始的，它的发展史是怎样的,1,334,  2018-8-08 13:56:30,1,2
 价值定投ETC，当下或是最好时节,0,371,  2018-8-08 14:00:25,8,4
 币市炒币做多单子被套怎么办？如何解套？,0,455,  2018-8-08 13:58:23,0,0
 阿里巴巴副总裁肖利华：全面解析新零售，早上线，早受 ...,0,311,  2018-8-08 13:58:12,10,1
 干掉比特币这杯泡沫，8月不悲观,0,380,  2018-8-08 13:57:06,10,2
 这张图告诉你谁是最大的比特币玩家,0,501,  2018-8-08 13:55:43,0,0
 在熊市中你要做的就是等风来，不然摔的很惨!,0,385,  2018-8-08 13:55:08,0,0
 IPFS原力区《区块链应用开发培训》报名啦 免费！,3,764,  2018-8-04 14:10:03,0,0
 ZFUND基金 最基础的STUN协议（区块链从p2p开始 二）,0,308,  2018-8-08 13:49:55,0,0
 世界顶尖金融人才转移阵地，传统秩序日渐衰微，区块链 ...,0,248,  2018-8-08 13:48:23,3,1
 短线机会来了,0,285,  2018-8-08 13:42:41,0,0
 冷门币频繁作妖？别碰！情绪已临冰点，反弹！,0,374,  2018-8-08 13:41:05,4,1
 在熊市中你要做的就是等风来，不然会摔的很惨!,0,226,  2018-8-08 13:39:13,0,0
 今天8月8号，都成这个样子,2,644,  2018-8-08 13:30:00,1,0
 知道这波下跌的原因是什么吗,0,401,  2018-8-08 13:35:13,0,0
 没增量资金进场接盘，所有币种两三个腰斩,0,376,  2018-8-08 13:33:37,0,0
 比特币想大涨，容易得很！,3,947,  2018-8-08 02:10:42,1,0
 QOS 到底有多扯淡 | 波波评测,0,542,  2018-8-08 13:26:07,3,2
 龟大仙8270提醒风险清仓，6800我们将重新回来做多，请 ...,14,1005,  2018-8-06 14:06:03,11,8
 众人恐慌我抄底 梭哈BTC 坐等8000美元收割,0,297,  2018-8-08 13:13:38,0,0
 区块链有哪些，它属于什么行业,0,279,  2018-8-08 13:05:44,1,0
 数字货币乱七八糟,0,272,  2018-8-08 12:53:06,0,0
 BCD闪电网络已上线,0,154,  2018-8-01 10:32:25,0,0
 【金牛瞎币币】你喜欢币改，我爱过你,3,320,  2018-7-31 19:11:23,6,2
 今日恐慌指数47 恐慌程度上升,0,462,  2018-8-01 10:30:31,1,1
 从零到壹学习共识算法第十七讲：使用 Hashicorp Raft  ...,0,309,  2018-8-01 10:29:31,0,0
 已经跌得差不多了，要涨了,8,444,  2018-8-01 10:17:20,3,7
 比特币没跌多少，山寨都尿了,17,1157,  2018-7-31 16:29:08,5,0
 这次看到5000抄底。,0,199,  2018-8-01 10:24:00,0,1
 现在大饼7600左右，老水手你买100个，我就做多，敢不 ...,12,661,  2018-8-01 09:04:52,0,0
 急跌抢反弹如同空手接飞刀,0,408,  2018-8-01 10:23:26,0,2
 合约被安排的明明白白  多空双爆,2,525,  2018-8-01 10:14:52,0,0
 开空啦 开空啦 捡钱啦 捡钱啦,16,921,  2018-7-31 22:28:30,4,6
 BT110：包括Bit-Z在内，多家交易所陷入“提现门”,0,447,  2018-8-01 10:13:52,1,0
 韩国数字货币研究公司兴起 以对抗ICO骗局,0,218,  2018-8-01 10:13:08,0,0
 圳链安全|智能合约特权角色危机重重,0,462,  2018-8-01 10:11:56,0,0
 这周会持续跌的 跌到你心痛 跌到你离场,11,785,  2018-8-01 06:54:31,2,0
 果然8500美元是这次的高点，跌势已经到来，这次到4000 ...,3,466,  2018-8-01 10:01:50,2,3
 8月1号比特币分析策略参考,0,305,  2018-8-01 10:07:37,0,0
 比特币后势走势,0,262,  2018-8-01 09:56:31,0,0
 从路人甲到叱咤币圈的神话：“打死也不卖币”的宝二爷,0,170,  2018-8-01 09:55:55,15,0
 想知道排名前20的数字货币在7月表现吗？,0,279,  2018-8-01 09:47:51,0,3
 山寨币已死，现在都是交易所机器人交易数据，太坑人了 ...,2,527,  2018-8-01 09:30:29,0,2
 老水手7600不敢买大饼 却一直忽悠你们买,1,261,  2018-8-01 09:39:15,0,0
 BTC，7650强支撑有效！！！,7,547,  2018-8-01 08:40:03,0,1
 Bitun的类Fomo游戏“疯狂矿场”，平台幕后操作黑奖金 ...,1,742,  2018-8-01 09:18:12,0,1
 ​SBI CEO：未来日本数字货币市场规模将达20万亿 ...,0,375,  2018-8-01 09:28:19,0,0
 【这几天欠我300个比特币的江卓尔又在误导大家了！为 ...,34,1697,  2018-7-31 07:50:36,0,0
 8/1牛参早评,1,385,  2018-8-01 09:12:24,12,12
 美国交易所Bittrex对合格用户开放美元交易市场,2,662,  2018-8-01 08:33:14,0,0
 日本偷袭珍珠港丘吉尔第一反应 这场仗我们赢了,2,298,  2018-8-01 08:49:01,0,0
 最新完整版本录音内容！ 不是精简总结版本的,15,1120,  2018-7-04 10:58:43,87,13
 牛来了系列,0,615,  2018-8-01 08:25:56,0,0
 单车没变摩托，但是我跑了,0,194,  2018-8-01 08:05:27,2,1
 切记 任何反弹都是逃命机会 切记下跌趋势中勿要抄底  ...,7,421,  2018-8-01 07:41:53,1,0
 20倍多开启 四天连涨,1,484,  2018-8-01 07:53:01,0,0
 比特币必归o,20,1864,  2018-7-11 19:51:52,0,0
 阿月还好吗？,2,344,  2018-7-24 21:18:49,3,0
 面对新韭菜从2万美元唱多到现在的老水手终于可以笑傲 ...,15,874,  2018-7-24 20:03:09,1,3
 似乎闻到了牛市的气味,15,1798,  2018-7-16 11:15:17,22,2
 Bancor 白皮书与智能合约的绝妙破解,0,696,  2018-7-24 21:06:51,0,0
 和谐社会，少打嘴炮,8,455,  2018-7-24 19:54:11,2,0
 铁打的老水手 流水的空狗,15,1439,  2018-3-21 14:50:36,5,0
 已经连续两天跟大家强调压力位已经变成8500了，有钱真 ...,3,424,  2018-7-24 20:28:54,0,0
 7/24复盘点评，已有收获,0,278,  2018-7-24 21:00:42,20,0
 前天画几张图说比特币要跌到1000刀的人，怎么没了？,6,450,  2018-7-24 18:03:23,0,1
 大饼才是唯一的王 大饼才是王道,1,383,  2018-7-24 20:22:43,0,0
 这暴涨幅度是etf要通过的节奏么,6,614,  2018-7-24 20:16:13,3,0
 比特币才是主流币，特别是在熊市场内资金不足情况下,7,590,  2018-7-24 03:55:38,3,1
 币圈的一切荣誉属于BTC,1,384,  2018-7-24 20:40:46,0,0
 还有这么多看空的聪明人，我感觉很欣慰,12,742,  2018-7-19 10:46:33,1,0
 BTC就是贵州茅台，熊市资金抱团取暖，唯一的选择就是 ...,2,473,  2018-7-24 13:25:40,0,1
 看盘推测,1,347,  2018-7-24 20:28:36,3,1
 想等比特币回调？对不起，币王不需要休息！,4,375,  2018-7-24 19:24:38,4,2
 休息几天，牛市唱多比特币，没什么意思！我喜欢在熊市 ...,9,607,  2018-7-24 18:47:55,1,2
 再等等 别急 等确认牛市再买,7,529,  2018-7-24 19:54:35,1,0
 便宜电， 寻找真心人,2,717,  2018-7-23 22:06:26,0,0
 解放军来了吗?,1,437,  2018-7-24 20:00:46,0,0
 我向往的职业——黑子或者喷子,7,456,  2018-7-24 20:06:28,2,0
 8月底，比特币重上2万美元,46,4193,  2018-7-15 12:43:21,5,0
 大饼要疯了,5,657,  2018-7-24 19:40:04,0,0
 比特币正式起飞,6,680,  2018-7-18 08:54:18,3,0
 大饼BTC独领风骚 ，这周涨23%了 ，其他主流币涨的不多 ...,0,377,  2018-7-24 20:07:59,3,0
 别人恐惧我贪婪，别人贪婪我恐惧！,2,400,  2018-7-24 19:06:36,3,3
 一凡谈币：一枝独秀到多点开花才是牛市正确打开方式！ ...,0,470,  2018-7-24 19:50:03,13,0
 九九归一BTC,0,282,  2018-7-24 19:44:05,0,0
 矛盾,3,972,  2018-5-16 17:48:14,1,0
 牛市永远在怀疑甚至诋毁中而来 没达到这点永远是骗炮,2,386,  2018-7-24 19:29:18,1,2
 「布洛克科技」时艳强对话Vincent：贝尔链让玩家沉浸 ...,0,395,  2018-7-24 19:26:18,20,6
 大家别怪我，最近的瀑布是我造成的，是我买了比特币！,11,527,  2018-7-13 09:49:35,4,1
 BTCC交易平台推广社区发福利啦,0,260,  2018-7-18 09:13:03,0,0
 相信比特币 才能自我救赎！比特币才是未来！小心被传 ...,2,253,  2018-7-18 08:52:35,1,0
 大腿已经拍断~,11,1142,  2018-7-18 01:41:01,2,0
 直线上涨的同时，也在积蓄回调动能,1,280,  2018-7-18 08:52:06,1,0
 到底追不追啊？俩难啊,10,586,  2018-7-18 07:58:33,6,3
 法币将退出历史舞台，世界货币，比特币将取代一切法币,12,695,  2018-7-18 06:53:45,0,1
 【国内做空庄家在怕！七月份20国，明天美国国会讨论， ...,41,2318,  2018-7-17 16:27:23,9,1
 Btc经历了万千考验,3,491,  2018-7-18 07:11:05,0,0
 有时候不得不分享一下自己的判断,3,499,  2018-7-18 02:24:22,0,0
 卖早了,11,1254,  2018-7-16 17:55:12,2,2
 07月18日行情,0,419,  2018-7-18 08:36:41,0,0
 8月末之前到20000美金,3,486,  2018-7-18 02:31:53,1,1
 一根大阳线，改变信仰,4,520,  2018-7-18 05:16:03,2,0
 比特币上了7000点，小牛市开启,1,603,  2018-7-18 02:00:26,0,0
 2018年07.18日,0,418,  2018-7-18 08:17:06,0,0
 不排除最后一跌可能,53,3563,  2018-7-15 21:17:46,3,9
 为何大户什么时候买都是“底”，散户如何抄底？,6,523,  2018-7-18 07:05:16,6,2
 买币提币,3,510,  2018-7-18 06:35:51,0,0
 罗纳尔迪尼奥你们知道嘛,8,606,  2018-7-12 08:05:40,0,2
 还是那句话,7,540,  2018-7-18 05:06:37,3,0
 为何说BCH必定完蛋,4,654,  2018-7-18 01:14:42,0,0
 明天比特币暴涨,20,1783,  2018-7-17 22:00:26,3,3
 庄家这次没想到砸下去比特币不见了，最逗逼是7月11日 ...,11,942,  2018-7-17 22:14:27,2,0
 神教预测，刚刚吵架吵完，大家一致同意比特币从今天结 ...,24,3846,  2017-12-10 06:36:58,2,0
 老大：别等6800做空了，现在7400了给你发财机会做空！,2,591,  2018-7-18 02:44:04,0,0
 《每次七月份就开始啦了，上次啦的时候，有人不高兴， ...,4,472,  2018-7-18 05:27:46,3,0
 全仓期货，翻身了,8,1042,  2018-7-18 02:05:54,3,0
 中币什么意思？,1,366,  2018-7-18 04:02:30,0,1
 火币网怎么进不去了？,13,4776,  2018-5-10 10:19:11,20,0
 RSK的推特显示，比特币第一大矿池BTC.com已经加入RSK ...,7,1093,  2018-7-17 02:31:42,1,1
 预测 今晚大饼会飞,8,947,  2018-7-17 18:23:07,1,1
 那个 X月X话的怎么发言都显示XXX了？,13,831,  2018-7-17 04:07:26,3,0
 V神怎么评价中本聪的,6,762,  2018-7-17 22:51:39,2,0
 天天吐槽价格有意思吗？,26,1054,  2018-7-17 10:56:16,1,0
 起床收米，先出一成仓位，之前6300到5950建的仓，先回 ...,0,415,  2018-7-18 01:56:48,0,0
 李笑来告诉我的一些道理,45,2944,  2018-7-04 07:30:37,3,1
 分叉币好刺激,10,742,  2018-7-09 23:33:27,6,5
 继续奶bu币，看到的留意一下,3,1297,  2018-7-09 23:19:31,0,0
 如果比特币成真，大量持有比特币的人成为巨富，这合理 ...,30,2040,  2018-3-29 11:42:54,8,3
 给韭友们的一封信。,31,1609,  2018-6-29 19:13:39,8,3
 有大神解答一下最近比特币的各种分叉币暴涨是为何吗？,6,746,  2018-7-10 00:09:19,2,0
 刚才搜了下比特币百度指数，大家能发现什么规律吗？,2,994,  2018-7-09 21:04:10,2,0
 谢谢bcd,8,681,  2018-7-09 23:16:39,0,1
 bcd拉得好刺激,10,949,  2018-7-09 22:46:28,0,0
 下一个比特币就在图中，大家看是哪一个,7,451,  2018-6-06 10:45:50,10,1
 为什么ok上法币交易价格比指数还低了,6,522,  2018-7-09 23:15:05,2,0
 正规 大公司 发币 是不是 找死？,4,876,  2018-7-09 22:52:13,1,0
 变盘之际 韭菜们瑟瑟发抖 送你们一程,4,508,  2018-7-09 23:09:21,0,0
 未来房价必跌 房市股市韭菜无一幸免,21,1252,  2018-7-08 02:31:37,2,0
 从19000囤到6000,71,4485,  2018-7-06 07:57:55,2,4
 熊市？牛市？区块链世界之一二观,2,631,  2018-7-09 22:57:26,23,12
 又死叉了，今晚瑟瑟发抖,2,539,  2018-7-09 22:44:03,0,0
 我已经把2x币全换成比特币了，你们换了吗？比特币全世 ...,51,11990,  2017-10-16 12:13:26,13,0
 分叉币不靠谱啊,2,328,  2018-7-09 22:34:33,0,0
 人月，我给你我女朋友艹,17,991,  2018-7-09 22:05:04,0,0
 混吃等死,10,703,  2018-7-09 00:32:02,1,2
 啦啦啦德玛西亚,1,227,  2018-7-09 22:34:27,0,0
 记住了，留vx号的全是骗子,0,608,  2018-7-09 22:32:56,2,0
 专家分析比特币钻石BCD的合理价格在0.002比特币100元 ...,27,9874,  2017-11-26 17:01:41,5,1
 请问谷歌安全怎么认证…,8,606,  2018-7-09 17:52:33,4,0
 明年今日此时中，比特币价格,3,538,  2018-7-09 21:02:49,2,0
 BTCIOU币白条将推出NFC信用卡和首例数字债券权证,0,487,  2018-7-09 22:30:34,1,1
 直播寻找徐明，开始维权之路，生命诚可贵，开始吧！,10,702,  2018-7-09 18:00:40,4,1
 拉了半BTC,1,401,  2018-7-09 21:46:28,0,0
 看来这次比特币的小牛要来了！,3,627,  2018-7-09 22:00:41,2,0
 老姚日记第94篇：Fi明天公布保险挖矿规则，币价怎么看 ...,0,466,  2018-7-09 22:06:45,4,4
 驾图挖矿IOVC的背后HiggsChain第一期周报解读,1,640,  2018-7-09 21:53:56,0,1
 罗爷说币：主流币分析，布林线运用法则,0,364,  2018-7-09 21:11:54,6,3
 想去一个数字交易所上班 他们交易所准备即将上线,4,596,  2018-7-09 11:26:11,0,0
 还不明白吗？？？,2,321,  2018-7-09 21:01:15,2,0
 这段时间来，整个数字货币市值蒸发了一半，都去哪了,11,793,  2018-6-27 20:43:11,2,3
 神预言！BTC暴跌后最佳购买是$3500左右 之后暴涨到20 ...,17,1219,  2018-6-28 10:17:59,2,1
 区块链技术真的能实现去中心化的微信吗？,0,423,  2018-6-29 19:03:10,0,1
 #CET赚钱攻略#  赚钱就是这么有趣,1,202,  2018-6-29 18:27:51,4,0
 乌镇签到！寻找同行！,5,502,  2018-6-28 12:20:43,2,0
 靠技术炒币的人坟头草都及人高？呵呵！专业操盘手心得,11,982,  2018-6-29 03:21:53,23,7
 不乱于心，坚定前行！6月29日石破天行情解码,0,500,  2018-6-29 17:51:13,3,2
 我说最近怎么又是蓝天又是白云的？中国梦这么快实现了 ...,0,570,  2018-6-29 17:47:39,0,1
 区块链语言有障碍怎么破。。。,0,578,  2018-6-29 17:46:04,1,0
 区块链这场划时代革命即将到来,2,401,  2018-6-29 15:27:54,1,0
 【币哥江湖】信心指数创新低！理解操纵性市场,0,513,  2018-6-29 17:29:53,11,9
 stdu有没有人在挖？,1,410,  2018-6-29 17:09:47,0,0
 真的存在所谓的庄么？主流币不都是全球市场么,18,1068,  2018-6-28 21:19:56,3,1
 6.29暴雪将至，小黑带你来看盘,0,287,  2018-6-29 17:19:45,7,12
 买币了归零,4,491,  2018-6-28 23:11:51,2,0
 交割竟然分摊了这么多,5,382,  2018-6-29 16:17:28,5,0
 AICoin数据显示,6,1057,  2018-6-29 15:34:06,0,0
 要不要相信，现在所谓的区块链的功能，只需要同步一个 ...,2,756,  2018-6-29 16:48:44,0,0
 【项目分析】NEO比小米更大的野心，搭建智能经济生态 ...,0,291,  2018-6-29 16:48:25,1,0
 交易出手续费，天经地义,3,395,  2018-6-29 16:05:47,1,1
 世界杯火了，区块链体育竞猜项目却凉凉,0,366,  2018-6-29 16:46:36,5,4
 InterValue 2.0测试链启动首次全球内测局部全节点、轻 ...,0,236,  2018-6-29 16:44:03,1,0
 Bithumb正式公布被盗加密货币细节和赔偿计划,0,240,  2018-6-29 16:42:57,0,0
 有个叫斐讯的路由器贩子,4,683,  2018-6-29 11:38:23,0,0
 区块链技术让医疗行业迎来颠覆性变革 C50第50站深圳行 ...,0,206,  2018-6-29 16:42:07,0,0
 数字身份“奇点”临近，全球区块链身份管理市场洞察与 ...,0,455,  2018-6-29 16:40:55,0,0
 凤姐高调购买数字货币，新韭菜们即将入场？,2,575,  2018-6-29 10:26:31,7,3
 警告，类似94灾难恐怕再现！！绝对不是我们想的那么简 ...,24,2122,  2018-6-28 23:22:47,2,3
 比特币是垃圾 垃圾 上古垃圾 旷世垃圾,1,357,  2018-6-29 15:26:29,0,0
 “王峰十问”中都问了啥？看币安创始人赵长鹏如何回应,4,594,  2018-6-29 15:46:42,17,0
" 利用“区块链”的技术,“老赖”将无处遁形-MGCEX",0,279,  2018-6-29 16:30:56,2,0
 永远也不要抄底，币市没有底,23,1592,  2018-6-24 16:28:35,11,2
 币长老行情剧透：多头士气全无，空方再下一城,0,477,  2018-6-29 16:30:34,13,13
 教授玩币：区块链有没有泡沫?,1,308,  2018-6-22 10:31:12,6,3
 BT110：世界杯正如火如荼，世界杯概念币却几近腰斩将 ...,1,516,  2018-6-22 11:02:29,1,4
 EID是什么币,2,415,  2018-6-22 10:16:33,0,0
 论坛ft水军作怪,29,1077,  2018-6-21 23:06:43,2,3
 FT暴跌别慌，大不了重启,18,1389,  2018-6-22 09:03:07,1,0
 Bitcoin比特币与BlockChain区块链技术,0,182,  2018-6-22 10:39:28,1,1
 阿斗 阿斗,6,501,  2018-6-21 00:42:39,2,1
 井大问答 | 第4期,0,162,  2018-6-22 10:29:31,0,0
 比特币最详细的普及知识！,0,424,  2018-6-22 10:28:04,29,38
 调查显示大多数百万富翁对加密货币感兴趣，可能迫使机 ...,5,562,  2018-6-21 19:36:05,0,0
 FC打不开,2,284,  2018-6-22 10:13:57,0,0
 满屏FT 再次提醒大家一定要小心小心再小心！,8,586,  2018-6-22 05:43:15,6,2
 老姚日记第76篇：挖矿交易所大混战，谁才是最后赢家！,4,780,  2018-6-21 22:30:12,20,4
 我有理由预测：明后两天比特币将突破7000大关,66,3854,  2018-6-19 22:19:36,52,5
 今天等会跌下来大家考虑买进,7,583,  2018-6-21 19:50:48,3,9
 BTC需要通过抄袭BCH来强调BCH会崩溃吗？OK和币安就在 ...,1,384,  2018-6-22 08:55:28,2,1
 火星人，宝二爷都是shit,22,1395,  2018-6-21 17:05:23,4,2
 猪哥币圈剧本（第九集） 新“韭菜”如何转型成生命力 ...,0,269,  2018-6-22 09:43:21,5,4
 币市现在不是底，提醒各位,29,1907,  2018-6-21 16:33:59,8,5
 即将起航的视频流媒体龙头,0,292,  2018-6-22 09:18:04,0,0
 很多人奇怪老水手怎么就能囤得住比特币，其实我是贪欲 ...,29,1459,  2018-6-21 11:05:45,5,0
 唯链VeChain助力Safe Haven实现资产继承解决方案,2,524,  2018-6-22 06:25:52,3,0
 比特币如果在跌一波。山寨币危险,9,452,  2018-6-22 06:47:20,12,12
 论韭菜的自我修养。。。,2,595,  2018-6-22 04:59:22,3,2
 FT最新杀招，收入100%全部回馈用户，散户继续支持毛都 ...,40,2219,  2018-6-21 19:55:26,6,1
 BlockCDN与梭哈直播深度合作，星星火也能燎原,2,6740,  2018-6-21 22:44:17,0,0
 Ft交易所是每日提币限制在2个btc以内吗？,0,567,  2018-6-22 01:39:59,0,0
 一飞上天-小白炒币之(CNN)货币分析！,5,1896,  2018-6-21 22:05:35,7,1
 Ft交易所每日提成限额是2个btc吗？,0,467,  2018-6-22 01:32:45,0,0
 这一步棋下的好，一向自大的赵长鹏也无话可说。,2,475,  2018-6-22 00:40:29,1,0
 现在除了平台币别的都快凉了,5,546,  2018-6-22 00:01:29,0,0
 警惕币市的一些迹象,1,486,  2018-6-21 21:44:29,9,8
 永远不要无脑吹一个币，敬畏市场。,12,625,  2018-6-21 18:35:30,7,3
 区块链可以应用农业种植和养殖业吗,3,656,  2018-6-21 23:47:29,3,0
 套信用卡买的有吗,23,1332,  2018-6-11 01:49:04,3,8
 炒币与打猎更配哦,19,1460,  2018-6-02 08:45:41,2,0
 所有垃圾币的团队建几百个群后骗韭菜接盘后还说不欢迎 ...,2,387,  2018-6-12 11:02:39,0,0
 大家怎么看INC从海带丝下架后的走势,3,801,  2018-6-10 23:04:12,7,2
 跌到怀疑人生的项目——Xmax项目简评,2,857,  2018-6-12 11:26:40,15,9
" 2014年世界杯比特币走势 又一个四年,A股世界杯魔咒会 ...",1,538,  2018-6-12 08:05:02,0,0
 我的神马t9关机了,5,788,  2018-6-12 09:16:20,2,3
 又-又-又-是漏洞啊！大姨太被盗2000万，还怎么玩？,2,595,  2018-6-12 11:01:57,2,0
 波场孙宇晨旗下“陪我”App涉黄遭新华社点名,2,923,  2018-6-12 11:23:09,0,0
 看法,2,423,  2018-6-12 11:13:29,2,2
 IPFS周报(6.4-6.10) | 关注度回暖，js-ipfs 0.29.0 更 ...,0,505,  2018-6-12 11:16:32,2,2
 InterValue项目周报：20180604-20180610,0,660,  2018-6-12 11:10:34,0,0
 资金是不会说谎的,1,508,  2018-6-06 17:39:27,0,1
 回弹有多大力度，持续阴跌,1,429,  2018-6-12 10:47:13,1,2
 大家恐惧时我贪婪,8,704,  2018-6-11 18:39:03,3,1
 612提币运动,0,439,  2018-6-12 10:52:40,0,0
 网友爆料，众筹半年的bncn的创始人拿投资人的炒币,0,381,  2018-6-12 10:49:15,0,0
 刚起床，看了一下，饼哥要过冬了，韭菜三连斩,41,3267,  2018-6-11 08:02:26,13,3
 以后的钱包真的不叫钱包了么,17,1007,  2018-6-11 16:17:33,5,0
 支持提币运动，去中心化的交易所迫在眉睫,0,429,  2018-6-12 10:42:13,1,0
 比特币下跌实际上是由恐慌卖家和操纵导致的,7,940,  2018-6-11 21:30:22,3,3
 韭菜不易，创业更难---一个记者的区块链故事,87,7425,  2018-3-14 18:15:41,9,2
 大跌意味着大涨,16,1241,  2018-6-11 17:37:05,11,9
 大家快跑啊，熊市要来了,1,639,  2018-6-12 10:28:05,1,1
 解读区块链《对话》，底层技术是未来胜负手,0,308,  2018-6-12 10:29:43,2,2
 再也见不到7800以上的比特币了,21,2602,  2018-6-08 06:07:40,6,3
 韩国金融情报部门将监管数字货币交易所,5,512,  2018-6-12 07:02:12,2,0
 看两天，反弹减仓，静观其变！,0,277,  2018-6-12 10:26:54,7,8
 不说了，我也割了,15,1004,  2018-6-11 22:59:47,4,15
 最近币圈很血腥,8,1141,  2018-6-11 23:20:19,2,1
 庄家一次拉盘割韭菜的过程就是这样！！！,1,545,  2018-6-11 17:31:33,5,0
 感觉还要跌,3,304,  2018-6-12 10:13:10,0,2
 比特大陆今年9月要上市！挖的是币还是信仰？|全球前十 ...,0,515,  2018-6-12 10:18:33,6,1
 苹果明确禁止在iOS设备上“挖掘”加密货币,1,423,  2018-6-12 07:03:39,0,0
 谁牵头给比特币办后事,14,1068,  2018-6-11 18:05:36,7,0
